project_id,project_name,sector,ward,vendor,planned_cost_cr,revised_cost_cr,actual_spend_cr,planned_duration_months,actual_duration_months,status,funding_source,notes
SCF-001,Smart LED Street Lighting,Energy,North Zone,UrbanLite Systems,42.0,48.5,46.8,12,16,Ongoing,PPP,Revised cost increased due to sensor integration and pole replacement.
SCF-002,Integrated Traffic Management System,Mobility,Central Zone,MetroFlow Tech,75.0,92.0,88.4,18,27,Ongoing,Smart Cities Mission,Delay caused by camera installation permissions and fiber network dependency.
SCF-003,Smart Water Metering Pilot,Water,East Zone,AquaGrid Analytics,28.0,31.2,29.9,10,13,Completed,Municipal Budget,Moderate overrun due to imported meter price variation.
SCF-004,Public WiFi Hotspots,Digital Infrastructure,Citywide,ConnectCity Networks,18.0,17.5,16.9,8,8,Completed,CSR Grant,Completed below revised cost after reducing hotspot count.
SCF-005,Smart Parking Management,Mobility,Market District,ParkSense Mobility,36.0,52.0,49.7,14,24,Ongoing,PPP,High overrun due to civil works redesign and payment gateway integration.
SCF-006,Waste Collection Route Optimization,Waste Management,South Zone,CleanRoute AI,22.0,24.0,23.1,9,11,Completed,Urban Development Grant,Minor delay from vehicle GPS installation.
SCF-007,Command and Control Center,Governance,Central Zone,CivicOps Digital,120.0,148.0,141.5,20,32,Ongoing,State Grant,Major cost escalation due to hardware upgrade and cybersecurity scope expansion.
SCF-008,EV Charging Stations Network,Energy,Citywide,ChargeGrid Infra,54.0,61.0,44.2,16,18,Ongoing,Green Mobility Fund,Actual spend is lower so far because several sites are awaiting utility approvals.

